{
  "model": "ml_models/car_ner",
  "test_size": 2661,
  "precision": 0.664430244941427,
  "recall": 0.8015159301130524,
  "f1": 0.7265634098055199,
  "per_entity": {
    "MILEAGE": {
      "p": 0.5287637698898409,
      "r": 0.8145820238843494,
      "f": 0.6412666996536369
    },
    "YEAR": {
      "p": 0.7661413319776309,
      "r": 0.9342839429634222,
      "f": 0.8418994413407822
    },
    "FUEL": {
      "p": 0.839971801198449,
      "r": 0.9509177972865124,
      "f": 0.8920082350739285
    },
    "POWER": {
      "p": 0.4932084309133489,
      "r": 0.5077145612343298,
      "f": 0.5003563791874553
    }
  }
}