{
  "model": "ml_models/car_ner_v2",
  "train_size": 10644,
  "test_size": 2661,
  "precision": 0.8291979949874687,
  "recall": 0.850077081192189,
  "f1": 0.8395077391524993,
  "per_entity": {
    "POWER": {
      "p": 0.7773393461104848,
      "r": 0.6648987463837994,
      "f": 0.7167359667359666
    },
    "MILEAGE": {
      "p": 0.8340273646638905,
      "r": 0.8812067881835324,
      "f": 0.8569682151589242
    },
    "FUEL": {
      "p": 0.8797276853252648,
      "r": 0.928172386272945,
      "f": 0.9033009708737866
    },
    "YEAR": {
      "p": 0.8027644869750132,
      "r": 0.9361438313701178,
      "f": 0.864338866628506
    }
  },
  "training_time_s": 8923.655003547668
}